mailAddress,firstName,middleName,lastName
roger.bailey@example.com,Roger,Tiffany,Bailey
sandra.little@example.com,Sandra,Joshua,Little
chris.day@example.com,Chris,Andrea,Day
hannah.joseph@example.com,Hannah,Emily,Joseph
elizabeth.scott@example.com,Elizabeth,Julie,Scott
caitlin.gonzalez@example.com,Caitlin,Richard,Gonzalez
daniel.navarro@example.com,Daniel,Andrew,Navarro
cheyenne.kelley@example.com,Cheyenne,Mark,Kelley
jennifer.brown@example.com,Jennifer,Paul,Brown
wyatt.flowers@example.com,Wyatt,Joe,Flowers
alexander.glass@example.com,Alexander,Pamela,Glass
jennifer.sharp@example.com,Jennifer,Theresa,Sharp
brooke.graves@example.com,Brooke,Paul,Graves
elijah.goodwin@example.com,Elijah,Victoria,Goodwin
roger.christensen@example.com,Roger,Rebecca,Christensen
kristine.fry@example.com,Kristine,Hannah,Fry
christopher.yang@example.com,Christopher,Michael,Yang
shawn.fisher@example.com,Shawn,Theresa,Fisher
brian.marsh@example.com,Brian,Mark,Marsh
anthony.thompson@example.com,Anthony,Sherry,Thompson
robert.park@example.com,Robert,James,Park
martha.smith@example.com,Martha,Ryan,Smith
theresa.whitaker@example.com,Theresa,Shannon,Whitaker
jeffrey.green@example.com,Jeffrey,Jeffrey,Green
bailey.bush@example.com,Bailey,Erica,Bush
brian.forbes@example.com,Brian,Beth,Forbes
garrett.barker@example.com,Garrett,Michelle,Barker
justin.alvarez@example.com,Justin,Angela,Alvarez
mary.marquez@example.com,Mary,Dominique,Marquez
jimmy.miller@example.com,Jimmy,Joseph,Miller
alan.blackwell@example.com,Alan,Troy,Blackwell
emily.parker@example.com,Emily,Carl,Parker
kathryn.hall@example.com,Kathryn,Lindsay,Hall
kelly.chandler@example.com,Kelly,John,Chandler
megan.ward@example.com,Megan,Danielle,Ward
robert.wilkins@example.com,Robert,Heather,Wilkins
terri.soto@example.com,Terri,Daniel,Soto
lisa.moody@example.com,Lisa,Melinda,Moody
michael.cooper@example.com,Michael,Michael,Cooper
mitchell.smith@example.com,Mitchell,David,Smith
hailey.howard@example.com,Hailey,Christopher,Howard
joel.castaneda@example.com,Joel,Jeffrey,Castaneda
sandra.whitaker@example.com,Sandra,Mary,Whitaker
elizabeth.wise@example.com,Elizabeth,Benjamin,Wise
valerie.smith@example.com,Valerie,Patrick,Smith
marilyn.lane@example.com,Marilyn,Michael,Lane
amber.lewis@example.com,Amber,Mark,Lewis
erica.hart@example.com,Erica,Cristian,Hart
jeffrey.allen@example.com,Jeffrey,Paul,Allen
isaiah.bartlett@example.com,Isaiah,Kimberly,Bartlett
katie.brown@example.com,Katie,Jessica,Brown
taylor.waters@example.com,Taylor,Johnathan,Waters
michael.briggs@example.com,Michael,Paula,Briggs
james.miller@example.com,James,Jessica,Miller
megan.mcbride@example.com,Megan,Michelle,Mcbride
brian.jones@example.com,Brian,Robert,Jones
brent.brown@example.com,Brent,Matthew,Brown
laura.pham@example.com,Laura,Kevin,Pham
kathleen.smith@example.com,Kathleen,Mark,Smith
anthony.scott@example.com,Anthony,Jill,Scott
michael.johnson@example.com,Michael,Teresa,Johnson
jillian.murphy@example.com,Jillian,Hannah,Murphy
lisa.lee@example.com,Lisa,Christine,Lee
marcus.andrews@example.com,Marcus,Lisa,Andrews
nancy.robinson@example.com,Nancy,Randall,Robinson
vincent.pennington@example.com,Vincent,Logan,Pennington
jared.cannon@example.com,Jared,Madison,Cannon
danielle.zhang@example.com,Danielle,Aimee,Zhang
pamela.rogers@example.com,Pamela,Ray,Rogers
katrina.rodriguez@example.com,Katrina,Miranda,Rodriguez
andrea.fuller@example.com,Andrea,Raven,Fuller
joseph.hicks@example.com,Joseph,Tammy,Hicks
michael.watson@example.com,Michael,John,Watson
william.murphy@example.com,William,Allen,Murphy
william.robinson@example.com,William,Kimberly,Robinson
elizabeth.murillo@example.com,Elizabeth,Jessica,Murillo
melinda.ryan@example.com,Melinda,Brianna,Ryan
jack.escobar@example.com,Jack,George,Escobar
kevin.snow@example.com,Kevin,Tyler,Snow
megan.sanchez@example.com,Megan,Brent,Sanchez
shaun.howe@example.com,Shaun,Cheryl,Howe
lynn.jones@example.com,Lynn,Mike,Jones
sara.castillo@example.com,Sara,Kimberly,Castillo
ashley.johnson@example.com,Ashley,Krystal,Johnson
brooke.zuniga@example.com,Brooke,Cody,Zuniga
anthony.strickland@example.com,Anthony,Brandon,Strickland
brandon.bryan@example.com,Brandon,Kimberly,Bryan
kevin.miller@example.com,Kevin,Matthew,Miller
thomas.duran@example.com,Thomas,James,Duran
gregory.cox@example.com,Gregory,Jennifer,Cox
laura.robbins@example.com,Laura,Timothy,Robbins
victoria.myers@example.com,Victoria,Lori,Myers
kristen.jones@example.com,Kristen,Frank,Jones
heather.carter@example.com,Heather,Jessica,Carter
andrew.glass@example.com,Andrew,Elizabeth,Glass
penny.smith@example.com,Penny,Eric,Smith
elizabeth.parker@example.com,Elizabeth,Rose,Parker
deanna.ruiz@example.com,Deanna,Sara,Ruiz
whitney.lopez@example.com,Whitney,Jacqueline,Lopez
amanda.ross@example.com,Amanda,Alexander,Ross
margaret.morris@example.com,Margaret,Jessica,Morris
deborah.murphy@example.com,Deborah,John,Murphy
abigail.pierce@example.com,Abigail,Veronica,Pierce
oscar.rush@example.com,Oscar,Russell,Rush
nancy.ramirez@example.com,Nancy,Danielle,Ramirez
meredith.durham@example.com,Meredith,John,Durham
michelle.alexander@example.com,Michelle,Lindsey,Alexander
oscar.pearson@example.com,Oscar,Elizabeth,Pearson
melissa.johnson@example.com,Melissa,Alexandra,Johnson
christopher.hart@example.com,Christopher,Joshua,Hart
erica.pierce@example.com,Erica,Rebecca,Pierce
ryan.banks@example.com,Ryan,Claudia,Banks
brandon.martinez@example.com,Brandon,William,Martinez
courtney.cox@example.com,Courtney,Michael,Cox
stephanie.carpenter@example.com,Stephanie,Amy,Carpenter
kevin.lloyd@example.com,Kevin,Jeffrey,Lloyd
amanda.ramirez@example.com,Amanda,Katherine,Ramirez
jasmine.taylor@example.com,Jasmine,Michelle,Taylor
patricia.ramirez@example.com,Patricia,Margaret,Ramirez
anna.roth@example.com,Anna,John,Roth
jennifer.williams@example.com,Jennifer,Joe,Williams
joanne.baker@example.com,Joanne,Marie,Baker
samantha.solis@example.com,Samantha,Benjamin,Solis
sean.beard@example.com,Sean,Barbara,Beard
bradley.williams@example.com,Bradley,Lauren,Williams
cynthia.case@example.com,Cynthia,Juan,Case
carrie.joseph@example.com,Carrie,Darryl,Joseph
paul.lee@example.com,Paul,Barbara,Lee
cody.martinez@example.com,Cody,Michael,Martinez
dennis.jordan@example.com,Dennis,Kerri,Jordan
mary.kelly@example.com,Mary,Angela,Kelly
john.nichols@example.com,John,Cristina,Nichols
dylan.hawkins@example.com,Dylan,Melissa,Hawkins
lori.marsh@example.com,Lori,Melissa,Marsh
alexis.johnson@example.com,Alexis,Julie,Johnson
carolyn.olsen@example.com,Carolyn,Tara,Olsen
rachel.smith@example.com,Rachel,Jill,Smith
erin.fuller@example.com,Erin,David,Fuller
shawn.woods@example.com,Shawn,Anna,Woods
benjamin.hill@example.com,Benjamin,Allen,Hill
nicholas.williams@example.com,Nicholas,Monica,Williams
brandon.fowler@example.com,Brandon,Julie,Fowler
john.williams@example.com,John,Jeremy,Williams
james.randall@example.com,James,Autumn,Randall
christopher.branch@example.com,Christopher,Christopher,Branch
darius.strickland@example.com,Darius,Brandon,Strickland
elizabeth.stuart@example.com,Elizabeth,Felicia,Stuart
mark.hubbard@example.com,Mark,Eric,Hubbard
barry.guerrero@example.com,Barry,Jennifer,Guerrero
erin.garcia@example.com,Erin,Samantha,Garcia
theresa.hernandez@example.com,Theresa,Melissa,Hernandez
brian.sharp@example.com,Brian,Kristy,Sharp
franklin.jackson@example.com,Franklin,Jessica,Jackson
douglas.mendez@example.com,Douglas,Larry,Mendez
kendra.marsh@example.com,Kendra,James,Marsh
kevin.luna@example.com,Kevin,Juan,Luna
nicholas.martinez@example.com,Nicholas,Andrea,Martinez
amanda.fisher@example.com,Amanda,Kelly,Fisher
vanessa.edwards@example.com,Vanessa,Wanda,Edwards
brian.castro@example.com,Brian,Michelle,Castro
lisa.snyder@example.com,Lisa,Christopher,Snyder
samantha.watkins@example.com,Samantha,Michael,Watkins
adam.shepard@example.com,Adam,Derrick,Shepard
andrew.gonzalez@example.com,Andrew,Amber,Gonzalez
joshua.manning@example.com,Joshua,Jennifer,Manning
aaron.henson@example.com,Aaron,Bryan,Henson
audrey.nelson@example.com,Audrey,Juan,Nelson
albert.martin@example.com,Albert,Kent,Martin
margaret.allen@example.com,Margaret,Gary,Allen
john.drake@example.com,John,Anthony,Drake
patricia.ruiz@example.com,Patricia,Molly,Ruiz
william.benson@example.com,William,Bradley,Benson
sergio.pena@example.com,Sergio,Nathan,Pena
robert.hernandez@example.com,Robert,Jason,Hernandez
wendy.page@example.com,Wendy,Antonio,Page
brittany.yates@example.com,Brittany,Larry,Yates
brandon.parker@example.com,Brandon,Brian,Parker
mark.robinson@example.com,Mark,Melissa,Robinson
karen.cox@example.com,Karen,Heidi,Cox
lindsay.murray@example.com,Lindsay,Brian,Murray
tracey.tate@example.com,Tracey,Catherine,Tate
maria.morris@example.com,Maria,Donna,Morris
kristen.decker@example.com,Kristen,Kristine,Decker
whitney.washington@example.com,Whitney,Mark,Washington
andrew.benson@example.com,Andrew,Derek,Benson
jeffrey.taylor@example.com,Jeffrey,Mario,Taylor
stephanie.lane@example.com,Stephanie,Lynn,Lane
rachel.collier@example.com,Rachel,Michael,Collier
molly.thomas@example.com,Molly,Andrea,Thomas
nicole.owens@example.com,Nicole,Jessica,Owens
michael.kennedy@example.com,Michael,Kenneth,Kennedy
jacqueline.molina@example.com,Jacqueline,Hayley,Molina
laura.alexander@example.com,Laura,Donna,Alexander
todd.hull@example.com,Todd,Maurice,Hull
joseph.weaver@example.com,Joseph,Kelly,Weaver
paige.dorsey@example.com,Paige,Sarah,Dorsey
christopher.murray@example.com,Christopher,Tracy,Murray
james.warner@example.com,James,William,Warner
jonathan.petersen@example.com,Jonathan,Kayla,Petersen
david.ortiz@example.com,David,Robert,Ortiz
joseph.myers@example.com,Joseph,Cheryl,Myers
daniel.hartman@example.com,Daniel,Roy,Hartman
brian.stephens@example.com,Brian,Gregory,Stephens
robert.fitzgerald@example.com,Robert,Anna,Fitzgerald
brian.miller@example.com,Brian,Kathleen,Miller
karen.patton@example.com,Karen,Michael,Patton
jennifer.holland@example.com,Jennifer,Emily,Holland
chris.burton@example.com,Chris,Albert,Burton
erica.yang@example.com,Erica,Johnny,Yang
william.oliver@example.com,William,Michelle,Oliver
joseph.charles@example.com,Joseph,Casey,Charles
sarah.jenkins@example.com,Sarah,Clinton,Jenkins
denise.wilson@example.com,Denise,Gregory,Wilson
james.gillespie@example.com,James,Duane,Gillespie
michael.barton@example.com,Michael,Donald,Barton
brandi.scott@example.com,Brandi,Elizabeth,Scott
laura.watts@example.com,Laura,Gerald,Watts
amy.rose@example.com,Amy,Sarah,Rose
jeffrey.thomas@example.com,Jeffrey,Erica,Thomas
blake.whitehead@example.com,Blake,Stephen,Whitehead
zachary.ferguson@example.com,Zachary,Edward,Ferguson
blake.williams@example.com,Blake,Erik,Williams
danielle.estrada@example.com,Danielle,Wendy,Estrada
stephanie.williams@example.com,Stephanie,Larry,Williams
megan.peterson@example.com,Megan,Dawn,Peterson
justin.baker@example.com,Justin,Sean,Baker
julie.berry@example.com,Julie,Andrew,Berry
kimberly.cole@example.com,Kimberly,Rebecca,Cole
mikayla.jimenez@example.com,Mikayla,Holly,Jimenez
madison.bradley@example.com,Madison,Sheena,Bradley
kimberly.coleman@example.com,Kimberly,Joshua,Coleman
nathan.simmons@example.com,Nathan,Johnny,Simmons
sabrina.dunlap@example.com,Sabrina,Lisa,Dunlap
debra.orozco@example.com,Debra,Maria,Orozco
glen.cabrera@example.com,Glen,Erika,Cabrera
suzanne.johnson@example.com,Suzanne,William,Johnson
amy.moses@example.com,Amy,Maxwell,Moses
samantha.green@example.com,Samantha,Scott,Green
crystal.weber@example.com,Crystal,Amber,Weber
raymond.cooper@example.com,Raymond,Alexandria,Cooper
david.webb@example.com,David,Tonya,Webb
brenda.walter@example.com,Brenda,Christopher,Walter
michael.ruiz@example.com,Michael,Michael,Ruiz
anthony.herrera@example.com,Anthony,John,Herrera
andrew.davidson@example.com,Andrew,Michael,Davidson
john.carpenter@example.com,John,Philip,Carpenter
rebecca.horton@example.com,Rebecca,Christopher,Horton
elizabeth.jenkins@example.com,Elizabeth,Bryan,Jenkins
tina.murray@example.com,Tina,Caitlyn,Murray
christopher.barry@example.com,Christopher,Sarah,Barry
justin.steele@example.com,Justin,David,Steele
nathaniel.lewis@example.com,Nathaniel,Amy,Lewis
jeffrey.moore@example.com,Jeffrey,Jeffrey,Moore
derek.walker@example.com,Derek,Matthew,Walker
wanda.jensen@example.com,Wanda,Madison,Jensen
jeanette.haynes@example.com,Jeanette,Joshua,Haynes
john.gross@example.com,John,Grant,Gross
keith.smith@example.com,Keith,Susan,Smith
gerald.zimmerman@example.com,Gerald,John,Zimmerman
thomas.rosario@example.com,Thomas,Meghan,Rosario
travis.bauer@example.com,Travis,Gabrielle,Bauer
timothy.kelley@example.com,Timothy,James,Kelley
robert.duncan@example.com,Robert,Angela,Duncan
denise.haynes@example.com,Denise,John,Haynes
alyssa.velez@example.com,Alyssa,Monica,Velez
amy.price@example.com,Amy,Susan,Price
dawn.jackson@example.com,Dawn,Brandon,Jackson
anthony.king@example.com,Anthony,Elizabeth,King
danielle.dennis@example.com,Danielle,Eugene,Dennis
shawn.clark@example.com,Shawn,Tiffany,Clark
leslie.wilson@example.com,Leslie,Brandi,Wilson
alexis.moore@example.com,Alexis,Alyssa,Moore
jeremy.sherman@example.com,Jeremy,Alexandra,Sherman
matthew.pacheco@example.com,Matthew,Michael,Pacheco
elizabeth.fletcher@example.com,Elizabeth,Jeanne,Fletcher
william.moore@example.com,William,Michelle,Moore
melissa.curtis@example.com,Melissa,Devon,Curtis
ryan.adams@example.com,Ryan,Curtis,Adams
lynn.smith@example.com,Lynn,Michael,Smith
brandon.crosby@example.com,Brandon,Timothy,Crosby
jennifer.johnson@example.com,Jennifer,Darryl,Johnson
amy.ho@example.com,Amy,Bobby,Ho
victoria.baldwin@example.com,Victoria,Ronald,Baldwin
sara.stone@example.com,Sara,Eric,Stone
erica.carter@example.com,Erica,Lisa,Carter
cynthia.jimenez@example.com,Cynthia,Carol,Jimenez
ashley.mcgee@example.com,Ashley,Sarah,Mcgee
alexandria.smith@example.com,Alexandria,Kyle,Smith
maria.herrera@example.com,Maria,Michelle,Herrera
nathaniel.ramirez@example.com,Nathaniel,Alicia,Ramirez
robert.aguilar@example.com,Robert,David,Aguilar
joshua.williams@example.com,Joshua,Mark,Williams
joshua.shah@example.com,Joshua,Deborah,Shah
carol.fox@example.com,Carol,Holly,Fox
tim.sloan@example.com,Tim,Jessica,Sloan
angela.villa@example.com,Angela,Gina,Villa
aaron.garcia@example.com,Aaron,Beth,Garcia
ashley.levine@example.com,Ashley,Patricia,Levine
michael.pierce@example.com,Michael,Walter,Pierce
judy.johnson@example.com,Judy,Scott,Johnson
jasmine.smith@example.com,Jasmine,Stephen,Smith
tracy.flores@example.com,Tracy,Cynthia,Flores
philip.castillo@example.com,Philip,Courtney,Castillo
julie.evans@example.com,Julie,Joshua,Evans
morgan.scott@example.com,Morgan,Cindy,Scott
martha.harrison@example.com,Martha,Christine,Harrison
ashley.moreno@example.com,Ashley,Amanda,Moreno
vanessa.lyons@example.com,Vanessa,Susan,Lyons
harold.reeves@example.com,Harold,Laurie,Reeves
charles.spears@example.com,Charles,Kyle,Spears
jessica.roberts@example.com,Jessica,Richard,Roberts
carlos.lewis@example.com,Carlos,Jonathan,Lewis
vincent.martinez@example.com,Vincent,Arthur,Martinez
danielle.jones@example.com,Danielle,Jason,Jones
joshua.poole@example.com,Joshua,Alex,Poole
gregory.gross@example.com,Gregory,Lindsay,Gross
lacey.riley@example.com,Lacey,Melissa,Riley
rebekah.flores@example.com,Rebekah,James,Flores
ryan.martin@example.com,Ryan,Jeffery,Martin
kyle.mejia@example.com,Kyle,Sarah,Mejia
sheila.mccullough@example.com,Sheila,Jenny,Mccullough
michael.wise@example.com,Michael,Joshua,Wise
jeffrey.berry@example.com,Jeffrey,John,Berry
jonathan.rowland@example.com,Jonathan,Dennis,Rowland
patrick.molina@example.com,Patrick,John,Molina
joseph.mack@example.com,Joseph,Marcus,Mack
alexa.barber@example.com,Alexa,Edwin,Barber
rachel.berry@example.com,Rachel,James,Berry
michael.jones@example.com,Michael,James,Jones
adam.henson@example.com,Adam,Sarah,Henson
tony.jones@example.com,Tony,William,Jones
lisa.ingram@example.com,Lisa,Anthony,Ingram
richard.turner@example.com,Richard,Lisa,Turner
timothy.henry@example.com,Timothy,Jeffery,Henry
randy.cortez@example.com,Randy,Tonya,Cortez
brian.miller@example.com,Brian,Jonathan,Miller
rebecca.irwin@example.com,Rebecca,Omar,Irwin
michelle.williams@example.com,Michelle,Lee,Williams
thomas.archer@example.com,Thomas,Terri,Archer
kristina.anderson@example.com,Kristina,Shari,Anderson
william.simmons@example.com,William,Chad,Simmons
robert.cobb@example.com,Robert,Rachel,Cobb
brendan.michael@example.com,Brendan,Erik,Michael
nicole.williams@example.com,Nicole,Carla,Williams
kelly.reeves@example.com,Kelly,Joan,Reeves
gregg.conway@example.com,Gregg,Anna,Conway
brian.daniel@example.com,Brian,Alicia,Daniel
sheena.austin@example.com,Sheena,Henry,Austin
donald.lyons@example.com,Donald,Kevin,Lyons
stephanie.chan@example.com,Stephanie,Kayla,Chan
lori.shaw@example.com,Lori,David,Shaw
susan.lane@example.com,Susan,Joshua,Lane
kathryn.campbell@example.com,Kathryn,Bradley,Campbell
christine.miranda@example.com,Christine,Brian,Miranda
edward.dodson@example.com,Edward,Brett,Dodson
alexandra.ray@example.com,Alexandra,Lisa,Ray
sara.rodriguez@example.com,Sara,Douglas,Rodriguez
john.alvarez@example.com,John,Kelsey,Alvarez
tammy.roberts@example.com,Tammy,Judith,Roberts
drew.carter@example.com,Drew,Darius,Carter
victor.smith@example.com,Victor,Catherine,Smith
jessica.anderson@example.com,Jessica,Wendy,Anderson
tiffany.kline@example.com,Tiffany,Travis,Kline
christopher.jackson@example.com,Christopher,Michael,Jackson
jacqueline.valdez@example.com,Jacqueline,John,Valdez
alexander.smith@example.com,Alexander,Nicholas,Smith
bradley.kerr@example.com,Bradley,Rachel,Kerr
amy.harris@example.com,Amy,Ashley,Harris
marisa.thomas@example.com,Marisa,Steve,Thomas
jacob.butler@example.com,Jacob,Yvette,Butler
susan.brewer@example.com,Susan,Stacy,Brewer
rachel.johnson@example.com,Rachel,Harold,Johnson
jesse.evans@example.com,Jesse,Denise,Evans
natalie.newton@example.com,Natalie,Sharon,Newton
danielle.clark@example.com,Danielle,Megan,Clark
ian.phillips@example.com,Ian,John,Phillips
heather.williams@example.com,Heather,Vanessa,Williams
todd.morris@example.com,Todd,James,Morris
william.acosta@example.com,William,Tiffany,Acosta
stephanie.white@example.com,Stephanie,James,White
gabriella.jones@example.com,Gabriella,Lauren,Jones
christopher.holmes@example.com,Christopher,Steven,Holmes
jenna.nichols@example.com,Jenna,Keith,Nichols
justin.schmidt@example.com,Justin,Katherine,Schmidt
wendy.robinson@example.com,Wendy,Angel,Robinson
terry.pacheco@example.com,Terry,Richard,Pacheco
holly.thomas@example.com,Holly,Kathy,Thomas
rachel.wallace@example.com,Rachel,Jennifer,Wallace
vernon.burgess@example.com,Vernon,Melissa,Burgess
johnny.lewis@example.com,Johnny,Rachel,Lewis
evan.castillo@example.com,Evan,William,Castillo
cassandra.west@example.com,Cassandra,Catherine,West
annette.phillips@example.com,Annette,Joseph,Phillips
karen.gray@example.com,Karen,Nicole,Gray
denise.rodriguez@example.com,Denise,Jenny,Rodriguez
maria.moore@example.com,Maria,Anthony,Moore
natasha.moss@example.com,Natasha,Randall,Moss
robin.alvarado@example.com,Robin,David,Alvarado
betty.cisneros@example.com,Betty,Michael,Cisneros
kelly.hess@example.com,Kelly,Allison,Hess
patrick.dunlap@example.com,Patrick,Jacqueline,Dunlap
anna.hickman@example.com,Anna,Victoria,Hickman
ryan.oneill@example.com,Ryan,Michael,Oneill
jennifer.davis@example.com,Jennifer,Kristen,Davis
anna.spencer@example.com,Anna,Joshua,Spencer
cesar.orr@example.com,Cesar,Angela,Orr
andrew.aguirre@example.com,Andrew,Thomas,Aguirre
mary.vargas@example.com,Mary,Benjamin,Vargas
robert.brown@example.com,Robert,Robert,Brown
amy.wilson@example.com,Amy,Gina,Wilson
lee.mayer@example.com,Lee,Natalie,Mayer
renee.turner@example.com,Renee,Howard,Turner
david.ibarra@example.com,David,Jeffery,Ibarra
paul.lucas@example.com,Paul,Valerie,Lucas
lauren.bartlett@example.com,Lauren,Katie,Bartlett
allen.dixon@example.com,Allen,Kathryn,Dixon
nicholas.scott@example.com,Nicholas,Aaron,Scott
robert.martinez@example.com,Robert,Elizabeth,Martinez
charles.perez@example.com,Charles,Justin,Perez
jacob.salazar@example.com,Jacob,Patricia,Salazar
natasha.meyer@example.com,Natasha,Manuel,Meyer
carol.villa@example.com,Carol,Vanessa,Villa
alexis.howard@example.com,Alexis,Scott,Howard
paula.ramirez@example.com,Paula,Michael,Ramirez
william.johnson@example.com,William,Mark,Johnson
john.allen@example.com,John,Jennifer,Allen
michael.hester@example.com,Michael,Melissa,Hester
matthew.johnson@example.com,Matthew,Kimberly,Johnson
james.nelson@example.com,James,Kristin,Nelson
troy.brown@example.com,Troy,Loretta,Brown
david.hancock@example.com,David,Emily,Hancock
corey.harrison@example.com,Corey,Corey,Harrison
lisa.little@example.com,Lisa,Nathan,Little
stephen.patterson@example.com,Stephen,Sarah,Patterson
michael.wright@example.com,Michael,David,Wright
michael.kennedy@example.com,Michael,Patricia,Kennedy
clifford.johnson@example.com,Clifford,Eric,Johnson
kevin.hall@example.com,Kevin,Mary,Hall
rachel.jenkins@example.com,Rachel,Brandon,Jenkins
katherine.benson@example.com,Katherine,Daniel,Benson
denise.copeland@example.com,Denise,Joseph,Copeland
steven.miller@example.com,Steven,Carolyn,Miller
rebecca.smith@example.com,Rebecca,Erin,Smith
jeffrey.barnes@example.com,Jeffrey,Debra,Barnes
janice.sherman@example.com,Janice,Danielle,Sherman
david.reeves@example.com,David,Julie,Reeves
gary.stokes@example.com,Gary,Juan,Stokes
robert.bishop@example.com,Robert,Rachel,Bishop
brenda.lowe@example.com,Brenda,John,Lowe
danielle.leblanc@example.com,Danielle,Jeffrey,Leblanc
natalie.foster@example.com,Natalie,Kathleen,Foster
caroline.bryant@example.com,Caroline,Brendan,Bryant
carlos.brock@example.com,Carlos,Jamie,Brock
lisa.dillon@example.com,Lisa,Anne,Dillon
tracy.graves@example.com,Tracy,Jennifer,Graves
francisco.anderson@example.com,Francisco,Stephanie,Anderson
andrew.cooper@example.com,Andrew,Lorraine,Cooper
daniel.deleon@example.com,Daniel,James,Deleon
rodney.austin@example.com,Rodney,Ricky,Austin
tracy.gonzales@example.com,Tracy,Margaret,Gonzales
timothy.kennedy@example.com,Timothy,Aaron,Kennedy
jeffrey.perry@example.com,Jeffrey,Gail,Perry
deanna.armstrong@example.com,Deanna,Stephanie,Armstrong
lisa.white@example.com,Lisa,Robert,White
haley.larsen@example.com,Haley,Sara,Larsen
leonard.harrison@example.com,Leonard,Eric,Harrison
gregory.atkins@example.com,Gregory,Charles,Atkins
donna.perez@example.com,Donna,Ruben,Perez
richard.scott@example.com,Richard,Christine,Scott
audrey.gonzalez@example.com,Audrey,Amy,Gonzalez
jean.west@example.com,Jean,Christina,West
jessica.ray@example.com,Jessica,Pamela,Ray
jose.barnes@example.com,Jose,Sandra,Barnes
mary.li@example.com,Mary,George,Li
christopher.conway@example.com,Christopher,Nathan,Conway
christie.schmidt@example.com,Christie,Terry,Schmidt
patricia.howard@example.com,Patricia,Robert,Howard
linda.wilson@example.com,Linda,Crystal,Wilson
megan.martinez@example.com,Megan,Christopher,Martinez
desiree.jimenez@example.com,Desiree,Emily,Jimenez
matthew.lewis@example.com,Matthew,James,Lewis
jeffrey.miller@example.com,Jeffrey,Rebecca,Miller
michael.wise@example.com,Michael,Kelly,Wise
pamela.allen@example.com,Pamela,David,Allen
susan.lopez@example.com,Susan,Tracey,Lopez
michelle.reeves@example.com,Michelle,Tracy,Reeves
john.york@example.com,John,Shawn,York
christina.oconnor@example.com,Christina,James,Oconnor
julie.roberts@example.com,Julie,Natalie,Roberts
sarah.jackson@example.com,Sarah,Allison,Jackson
suzanne.gutierrez@example.com,Suzanne,Felicia,Gutierrez
robert.carson@example.com,Robert,Alicia,Carson
teresa.rivera@example.com,Teresa,Brian,Rivera
john.rivers@example.com,John,Richard,Rivers
amanda.greene@example.com,Amanda,Lauren,Greene
robert.franklin@example.com,Robert,Gail,Franklin
andrea.chen@example.com,Andrea,Robert,Chen
william.medina@example.com,William,John,Medina
michael.haney@example.com,Michael,Tanner,Haney
devin.tucker@example.com,Devin,Victoria,Tucker
lori.jones@example.com,Lori,Leslie,Jones
luis.hess@example.com,Luis,Ethan,Hess
jennifer.cooper@example.com,Jennifer,Sharon,Cooper
crystal.gonzalez@example.com,Crystal,Christopher,Gonzalez
kelly.brown@example.com,Kelly,Jason,Brown
jessica.allen@example.com,Jessica,Karen,Allen
judith.jones@example.com,Judith,Richard,Jones
casey.norton@example.com,Casey,Danielle,Norton
laura.jones@example.com,Laura,Margaret,Jones
anita.harvey@example.com,Anita,Jessica,Harvey
megan.anderson@example.com,Megan,Jennifer,Anderson
michael.hernandez@example.com,Michael,Felicia,Hernandez
lauren.gonzalez@example.com,Lauren,Timothy,Gonzalez
kyle.rogers@example.com,Kyle,Derrick,Rogers
jacob.smith@example.com,Jacob,Stephen,Smith
hannah.stone@example.com,Hannah,William,Stone
steven.jordan@example.com,Steven,Victor,Jordan
stacey.gutierrez@example.com,Stacey,Miranda,Gutierrez
chelsea.mooney@example.com,Chelsea,Shirley,Mooney
robert.goodwin@example.com,Robert,Joshua,Goodwin
michael.rodriguez@example.com,Michael,Danielle,Rodriguez
gary.gonzalez@example.com,Gary,Phillip,Gonzalez
derrick.hughes@example.com,Derrick,David,Hughes
jessica.bray@example.com,Jessica,Kathleen,Bray
tiffany.fernandez@example.com,Tiffany,Wayne,Fernandez
jose.sanchez@example.com,Jose,Kimberly,Sanchez
melissa.thompson@example.com,Melissa,Heidi,Thompson
brooke.jones@example.com,Brooke,Chase,Jones
danielle.chaney@example.com,Danielle,Ashley,Chaney
edwin.robertson@example.com,Edwin,Timothy,Robertson
holly.cunningham@example.com,Holly,Angela,Cunningham
andrea.smith@example.com,Andrea,Valerie,Smith
ruben.brown@example.com,Ruben,Alicia,Brown
glenda.allen@example.com,Glenda,Rebekah,Allen
justin.pearson@example.com,Justin,Sharon,Pearson
christopher.cook@example.com,Christopher,Philip,Cook
brandy.simmons@example.com,Brandy,Laurie,Simmons
steven.reed@example.com,Steven,Nicholas,Reed
stephanie.hamilton@example.com,Stephanie,Nathaniel,Hamilton
matthew.smith@example.com,Matthew,Amanda,Smith
gabriel.santos@example.com,Gabriel,Brenda,Santos
anna.santiago@example.com,Anna,Morgan,Santiago
sandra.oconnor@example.com,Sandra,Thomas,Oconnor
robert.thomas@example.com,Robert,Nicole,Thomas
stephanie.martinez@example.com,Stephanie,Amanda,Martinez
david.hudson@example.com,David,Tracy,Hudson
shelly.miller@example.com,Shelly,Lacey,Miller
judy.schmidt@example.com,Judy,Erica,Schmidt
melissa.riley@example.com,Melissa,Jeffery,Riley
brittany.watts@example.com,Brittany,Kristen,Watts
katherine.black@example.com,Katherine,Manuel,Black
michele.grant@example.com,Michele,Teresa,Grant
hunter.walsh@example.com,Hunter,Cassandra,Walsh
stephanie.kirby@example.com,Stephanie,Curtis,Kirby
john.hudson@example.com,John,Katherine,Hudson
danielle.lewis@example.com,Danielle,Angelica,Lewis
sheila.thompson@example.com,Sheila,Joshua,Thompson
krystal.valentine@example.com,Krystal,Sheena,Valentine
bryan.boyle@example.com,Bryan,George,Boyle
angela.stewart@example.com,Angela,Kevin,Stewart
pamela.terry@example.com,Pamela,Kenneth,Terry
wendy.vasquez@example.com,Wendy,Allen,Vasquez
seth.day@example.com,Seth,Samuel,Day
vanessa.dunlap@example.com,Vanessa,Wendy,Dunlap
ernest.brown@example.com,Ernest,Hunter,Brown
alexandra.hayes@example.com,Alexandra,Amanda,Hayes
stephanie.guzman@example.com,Stephanie,Jackson,Guzman
michael.mitchell@example.com,Michael,Shelly,Mitchell
james.burke@example.com,James,Stephanie,Burke
jacqueline.scott@example.com,Jacqueline,Terri,Scott
kiara.garrett@example.com,Kiara,Kimberly,Garrett
john.young@example.com,John,Christopher,Young
jason.bell@example.com,Jason,Ryan,Bell
brian.young@example.com,Brian,April,Young
carlos.phillips@example.com,Carlos,Jacqueline,Phillips
tammy.hamilton@example.com,Tammy,Brian,Hamilton
alexander.brown@example.com,Alexander,Debbie,Brown
tara.ruiz@example.com,Tara,Jenny,Ruiz
mercedes.vance@example.com,Mercedes,Samuel,Vance
patrick.adams@example.com,Patrick,Morgan,Adams
albert.berg@example.com,Albert,William,Berg
sean.thornton@example.com,Sean,Paul,Thornton
catherine.smith@example.com,Catherine,Linda,Smith
michael.smith@example.com,Michael,Leonard,Smith
penny.dunlap@example.com,Penny,Zachary,Dunlap
judy.greer@example.com,Judy,Daniel,Greer
gail.matthews@example.com,Gail,Kimberly,Matthews
donald.grant@example.com,Donald,Shelly,Grant
george.brown@example.com,George,Margaret,Brown
curtis.curry@example.com,Curtis,Daniel,Curry
james.wilson@example.com,James,Jody,Wilson
nicholas.king@example.com,Nicholas,Paul,King
david.thomas@example.com,David,Christine,Thomas
emily.stephens@example.com,Emily,Catherine,Stephens
omar.brooks@example.com,Omar,Alexis,Brooks
isabel.watts@example.com,Isabel,Kelsey,Watts
brett.beck@example.com,Brett,Nicole,Beck
gina.lewis@example.com,Gina,Jessica,Lewis
terry.morgan@example.com,Terry,Robert,Morgan
donald.nelson@example.com,Donald,Brian,Nelson
karen.wolfe@example.com,Karen,Rebecca,Wolfe
alexandra.reed@example.com,Alexandra,Kathleen,Reed
anthony.barrett@example.com,Anthony,Erica,Barrett
alec.griffin@example.com,Alec,Nicole,Griffin
douglas.brown@example.com,Douglas,Brenda,Brown
denise.foster@example.com,Denise,Laura,Foster
elizabeth.grant@example.com,Elizabeth,Hayley,Grant
erica.perkins@example.com,Erica,Maria,Perkins
james.johnson@example.com,James,Lauren,Johnson
tony.barnes@example.com,Tony,Kristina,Barnes
paul.miller@example.com,Paul,Mary,Miller
raymond.lawrence@example.com,Raymond,Jessica,Lawrence
ivan.jones@example.com,Ivan,Marissa,Jones
edward.wu@example.com,Edward,Rachel,Wu
scott.ortiz@example.com,Scott,Brenda,Ortiz
scott.dixon@example.com,Scott,Stacy,Dixon
brett.mccarty@example.com,Brett,Stephen,Mccarty
lisa.brown@example.com,Lisa,David,Brown
craig.miller@example.com,Craig,Shelby,Miller
ralph.schultz@example.com,Ralph,Nicholas,Schultz
matthew.marshall@example.com,Matthew,Nathan,Marshall
terrance.sexton@example.com,Terrance,Breanna,Sexton
keith.harris@example.com,Keith,Dalton,Harris
douglas.robles@example.com,Douglas,Thomas,Robles
richard.hernandez@example.com,Richard,Robert,Hernandez
amanda.blevins@example.com,Amanda,Jacqueline,Blevins
tamara.ochoa@example.com,Tamara,Tiffany,Ochoa
robert.johnson@example.com,Robert,Victoria,Johnson
jimmy.carter@example.com,Jimmy,Holly,Carter
ivan.martinez@example.com,Ivan,Christopher,Martinez
brittney.taylor@example.com,Brittney,Michael,Taylor
michael.smith@example.com,Michael,Michele,Smith
stephanie.klein@example.com,Stephanie,Matthew,Klein
lee.ramirez@example.com,Lee,Daniel,Ramirez
susan.martinez@example.com,Susan,Alyssa,Martinez
dennis.giles@example.com,Dennis,Darryl,Giles
sarah.smith@example.com,Sarah,Bryan,Smith
kristina.walls@example.com,Kristina,Emily,Walls
amy.thomas@example.com,Amy,Cynthia,Thomas
tammy.welch@example.com,Tammy,Michael,Welch
tamara.erickson@example.com,Tamara,Daniel,Erickson
jacqueline.watson@example.com,Jacqueline,Aaron,Watson
kyle.hogan@example.com,Kyle,John,Hogan
justin.martinez@example.com,Justin,Michele,Martinez
amanda.hunter@example.com,Amanda,Susan,Hunter
nathaniel.hill@example.com,Nathaniel,Wendy,Hill
sierra.howe@example.com,Sierra,Jonathon,Howe
ryan.dawson@example.com,Ryan,Russell,Dawson
george.farmer@example.com,George,Allison,Farmer
tina.washington@example.com,Tina,Mary,Washington
karen.clark@example.com,Karen,Megan,Clark
rachael.reese@example.com,Rachael,Jeffrey,Reese
stephen.walker@example.com,Stephen,John,Walker
cody.brown@example.com,Cody,Natasha,Brown
nancy.henson@example.com,Nancy,Leslie,Henson
cassandra.williams@example.com,Cassandra,Cynthia,Williams
john.barry@example.com,John,Tony,Barry
erika.berg@example.com,Erika,Matthew,Berg
maria.peterson@example.com,Maria,Yvette,Peterson
rebecca.wilson@example.com,Rebecca,Paul,Wilson
james.coleman@example.com,James,George,Coleman
sherry.jones@example.com,Sherry,Benjamin,Jones
melissa.moreno@example.com,Melissa,Jessica,Moreno
aaron.webster@example.com,Aaron,Lisa,Webster
larry.wilson@example.com,Larry,Jason,Wilson
gregg.bradshaw@example.com,Gregg,Stephanie,Bradshaw
kaylee.hill@example.com,Kaylee,Melissa,Hill
charles.perez@example.com,Charles,Raven,Perez
preston.bradley@example.com,Preston,Melissa,Bradley
allison.price@example.com,Allison,John,Price
jason.rose@example.com,Jason,Amanda,Rose
maria.garcia@example.com,Maria,Elizabeth,Garcia
michael.smith@example.com,Michael,Carlos,Smith
jaclyn.campbell@example.com,Jaclyn,Nichole,Campbell
michael.avery@example.com,Michael,Andrea,Avery
frank.knapp@example.com,Frank,Amanda,Knapp
adam.butler@example.com,Adam,Emma,Butler
leonard.jacobs@example.com,Leonard,Brian,Jacobs
nancy.wall@example.com,Nancy,Edward,Wall
john.russell@example.com,John,Brenda,Russell
adrian.martin@example.com,Adrian,Denise,Martin
david.hatfield@example.com,David,Barry,Hatfield
katie.melendez@example.com,Katie,Jeffrey,Melendez
douglas.perez@example.com,Douglas,Robert,Perez
brian.brown@example.com,Brian,Jeffrey,Brown
alexandra.ryan@example.com,Alexandra,Kimberly,Ryan
jimmy.smith@example.com,Jimmy,Brooke,Smith
andre.george@example.com,Andre,Jessica,George
david.martin@example.com,David,Rhonda,Martin
jonathan.perkins@example.com,Jonathan,Sherry,Perkins
ashley.cox@example.com,Ashley,Robert,Cox
kimberly.johnson@example.com,Kimberly,Lisa,Johnson
danny.chaney@example.com,Danny,David,Chaney
brett.chandler@example.com,Brett,Edward,Chandler
jack.pace@example.com,Jack,Keith,Pace
donald.farmer@example.com,Donald,Christopher,Farmer
frank.collins@example.com,Frank,Michael,Collins
christina.olson@example.com,Christina,Robert,Olson
claudia.valentine@example.com,Claudia,Daniel,Valentine
gregory.cherry@example.com,Gregory,Aaron,Cherry
hayley.johnson@example.com,Hayley,Kathleen,Johnson
luke.duran@example.com,Luke,Jennifer,Duran
andre.greene@example.com,Andre,Michelle,Greene
scott.anderson@example.com,Scott,Christopher,Anderson
michelle.robinson@example.com,Michelle,Megan,Robinson
ernest.gonzales@example.com,Ernest,David,Gonzales
lisa.farrell@example.com,Lisa,Ryan,Farrell
brenda.hernandez@example.com,Brenda,Lindsey,Hernandez
bryce.walker@example.com,Bryce,Julia,Walker
robert.estrada@example.com,Robert,Nicholas,Estrada
douglas.vaughn@example.com,Douglas,Madison,Vaughn
melissa.brown@example.com,Melissa,William,Brown
sara.huang@example.com,Sara,Troy,Huang
robert.campbell@example.com,Robert,Karen,Campbell
julie.lawson@example.com,Julie,Jacob,Lawson
amy.chang@example.com,Amy,Brooke,Chang
nicole.valentine@example.com,Nicole,Brittany,Valentine
kevin.berg@example.com,Kevin,Jeffery,Berg
kristen.jacobson@example.com,Kristen,Nicholas,Jacobson
charles.turner@example.com,Charles,Crystal,Turner
alyssa.reese@example.com,Alyssa,Kimberly,Reese
catherine.garner@example.com,Catherine,Jesus,Garner
javier.wilson@example.com,Javier,Stephanie,Wilson
kyle.goodman@example.com,Kyle,Natasha,Goodman
andrea.olson@example.com,Andrea,Kyle,Olson
jason.walters@example.com,Jason,Nicole,Walters
gabriel.jones@example.com,Gabriel,Carmen,Jones
lisa.rios@example.com,Lisa,Michelle,Rios
brenda.miller@example.com,Brenda,Kelly,Miller
heather.trujillo@example.com,Heather,Andre,Trujillo
deborah.bradshaw@example.com,Deborah,Lori,Bradshaw
phillip.hernandez@example.com,Phillip,Jennifer,Hernandez
crystal.strickland@example.com,Crystal,William,Strickland
jesse.coleman@example.com,Jesse,Shawn,Coleman
derek.pineda@example.com,Derek,Zachary,Pineda
laurie.mcdonald@example.com,Laurie,Justin,Mcdonald
nicholas.jackson@example.com,Nicholas,Robert,Jackson
jonathan.dixon@example.com,Jonathan,Rebecca,Dixon
christopher.vaughan@example.com,Christopher,Yvonne,Vaughan
alicia.hensley@example.com,Alicia,Kimberly,Hensley
robin.tran@example.com,Robin,Joseph,Tran
michelle.santana@example.com,Michelle,Austin,Santana
sean.wall@example.com,Sean,Kimberly,Wall
tonya.douglas@example.com,Tonya,Justin,Douglas
krystal.fox@example.com,Krystal,Allison,Fox
david.jones@example.com,David,Laurie,Jones
shawn.harper@example.com,Shawn,Rebecca,Harper
aaron.bradley@example.com,Aaron,Jennifer,Bradley
matthew.rojas@example.com,Matthew,Michelle,Rojas
angela.cooper@example.com,Angela,Kimberly,Cooper
jacqueline.mclean@example.com,Jacqueline,Albert,Mclean
linda.castro@example.com,Linda,Lauren,Castro
lori.mitchell@example.com,Lori,Ralph,Mitchell
melanie.richardson@example.com,Melanie,Anthony,Richardson
mark.murphy@example.com,Mark,Emily,Murphy
kathryn.wallace@example.com,Kathryn,Billy,Wallace
pamela.white@example.com,Pamela,Linda,White
angela.johnson@example.com,Angela,Eric,Johnson
dustin.walker@example.com,Dustin,Christopher,Walker
marcus.johnson@example.com,Marcus,Richard,Johnson
peter.ward@example.com,Peter,Douglas,Ward
angela.proctor@example.com,Angela,Sydney,Proctor
kevin.davies@example.com,Kevin,Cole,Davies
april.hahn@example.com,April,Robert,Hahn
timothy.adams@example.com,Timothy,William,Adams
jeanette.ross@example.com,Jeanette,Donald,Ross
holly.george@example.com,Holly,Donald,George
monica.duncan@example.com,Monica,Hannah,Duncan
bryan.williamson@example.com,Bryan,Phillip,Williamson
christopher.nelson@example.com,Christopher,Carolyn,Nelson
regina.duke@example.com,Regina,Austin,Duke
randy.bryant@example.com,Randy,Jeffrey,Bryant
james.boyer@example.com,James,Michael,Boyer
harold.barr@example.com,Harold,Erika,Barr
deborah.donovan@example.com,Deborah,Nicole,Donovan
emily.simpson@example.com,Emily,Brian,Simpson
erin.duncan@example.com,Erin,Roy,Duncan
wendy.johnson@example.com,Wendy,Maria,Johnson
tom.hopkins@example.com,Tom,Misty,Hopkins
kimberly.guzman@example.com,Kimberly,Hannah,Guzman
sydney.obrien@example.com,Sydney,Dawn,Obrien
eric.harris@example.com,Eric,Patrick,Harris
william.cruz@example.com,William,Chad,Cruz
cory.torres@example.com,Cory,William,Torres
craig.pennington@example.com,Craig,Samuel,Pennington
kevin.howe@example.com,Kevin,Gregory,Howe
victor.olson@example.com,Victor,Eric,Olson
michael.jones@example.com,Michael,Rachel,Jones
tricia.martinez@example.com,Tricia,Sandra,Martinez
abigail.simmons@example.com,Abigail,Nancy,Simmons
michael.mueller@example.com,Michael,Paul,Mueller
renee.hammond@example.com,Renee,Alison,Hammond
david.ortiz@example.com,David,Jeffrey,Ortiz
catherine.collins@example.com,Catherine,Emily,Collins
ryan.stanton@example.com,Ryan,Laura,Stanton
bailey.edwards@example.com,Bailey,Maria,Edwards
terri.callahan@example.com,Terri,Mark,Callahan
denise.huynh@example.com,Denise,Sheena,Huynh
adrienne.singh@example.com,Adrienne,Raymond,Singh
cindy.dunn@example.com,Cindy,Nicole,Dunn
colleen.jackson@example.com,Colleen,Joseph,Jackson
steven.lopez@example.com,Steven,James,Lopez
francisco.orr@example.com,Francisco,Melanie,Orr
kathleen.smith@example.com,Kathleen,Melanie,Smith
robin.johnson@example.com,Robin,Jodi,Johnson
destiny.diaz@example.com,Destiny,Bobby,Diaz
mark.castro@example.com,Mark,Anthony,Castro
anne.waters@example.com,Anne,Margaret,Waters
john.warren@example.com,John,Jordan,Warren
julia.watson@example.com,Julia,Sharon,Watson
morgan.morgan@example.com,Morgan,Maria,Morgan
cheyenne.owens@example.com,Cheyenne,Joel,Owens
danielle.harris@example.com,Danielle,Sydney,Harris
grace.bishop@example.com,Grace,Kurt,Bishop
matthew.campbell@example.com,Matthew,Kimberly,Campbell
susan.kennedy@example.com,Susan,Andrew,Kennedy
amber.gray@example.com,Amber,Beth,Gray
amy.bailey@example.com,Amy,Benjamin,Bailey
morgan.skinner@example.com,Morgan,Zachary,Skinner
melanie.haas@example.com,Melanie,Ashley,Haas
james.jarvis@example.com,James,Patricia,Jarvis
deborah.chapman@example.com,Deborah,Amanda,Chapman
john.salas@example.com,John,Jennifer,Salas
susan.hernandez@example.com,Susan,Melissa,Hernandez
carrie.lee@example.com,Carrie,Paul,Lee
stephanie.mccarthy@example.com,Stephanie,Nicholas,Mccarthy
tonya.torres@example.com,Tonya,Rodney,Torres
richard.eaton@example.com,Richard,Barbara,Eaton
nicholas.bailey@example.com,Nicholas,Zachary,Bailey
kristen.smith@example.com,Kristen,Mary,Smith
derek.martinez@example.com,Derek,Lisa,Martinez
katelyn.stark@example.com,Katelyn,Jason,Stark
jennifer.barker@example.com,Jennifer,Mark,Barker
tammy.norton@example.com,Tammy,Victoria,Norton
nicholas.mccullough@example.com,Nicholas,Matthew,Mccullough
jason.morris@example.com,Jason,Benjamin,Morris
ann.meyer@example.com,Ann,Desiree,Meyer
kimberly.delgado@example.com,Kimberly,Christopher,Delgado
michael.patel@example.com,Michael,Danielle,Patel
curtis.rodriguez@example.com,Curtis,Anthony,Rodriguez
sarah.williams@example.com,Sarah,Bradley,Williams
jacob.schmidt@example.com,Jacob,Michelle,Schmidt
tammy.gray@example.com,Tammy,Alicia,Gray
lori.smith@example.com,Lori,Alisha,Smith
melissa.wright@example.com,Melissa,Terri,Wright
paul.walker@example.com,Paul,Christopher,Walker
sarah.watts@example.com,Sarah,Leslie,Watts
wendy.williamson@example.com,Wendy,Alexander,Williamson
patrick.spencer@example.com,Patrick,Sara,Spencer
christopher.morris@example.com,Christopher,Deanna,Morris
monica.caldwell@example.com,Monica,Michael,Caldwell
paul.wright@example.com,Paul,Traci,Wright
jaime.james@example.com,Jaime,Rachel,James
sarah.turner@example.com,Sarah,Samantha,Turner
jeffrey.garcia@example.com,Jeffrey,Alexis,Garcia
andrea.howe@example.com,Andrea,Brian,Howe
karen.salazar@example.com,Karen,Rachel,Salazar
kayla.lynn@example.com,Kayla,Alexander,Lynn
aaron.wilson@example.com,Aaron,Daisy,Wilson
bradley.carlson@example.com,Bradley,Tommy,Carlson
john.morton@example.com,John,Victor,Morton
jessica.garcia@example.com,Jessica,Sally,Garcia
lisa.webster@example.com,Lisa,Mario,Webster
william.bonilla@example.com,William,Sarah,Bonilla
alyssa.hernandez@example.com,Alyssa,Stephanie,Hernandez
mike.sherman@example.com,Mike,Stephanie,Sherman
katelyn.fowler@example.com,Katelyn,Carol,Fowler
danielle.phelps@example.com,Danielle,Jacqueline,Phelps
george.martin@example.com,George,Stephen,Martin
angela.yu@example.com,Angela,Janice,Yu
mitchell.potts@example.com,Mitchell,Cameron,Potts
rachel.mckay@example.com,Rachel,Ricardo,Mckay
phillip.christian@example.com,Phillip,Robert,Christian
cory.evans@example.com,Cory,Jennifer,Evans
joseph.munoz@example.com,Joseph,Deborah,Munoz
julia.rose@example.com,Julia,Melissa,Rose
alexandra.boyd@example.com,Alexandra,Susan,Boyd
nicholas.brooks@example.com,Nicholas,Patricia,Brooks
taylor.norris@example.com,Taylor,Jason,Norris
cassidy.schwartz@example.com,Cassidy,Tamara,Schwartz
thomas.silva@example.com,Thomas,Lindsey,Silva
deborah.hughes@example.com,Deborah,Joseph,Hughes
rachel.chen@example.com,Rachel,Larry,Chen
christopher.khan@example.com,Christopher,Julie,Khan
renee.acevedo@example.com,Renee,Sarah,Acevedo
marvin.jones@example.com,Marvin,Tara,Jones
carolyn.wang@example.com,Carolyn,William,Wang
heather.lane@example.com,Heather,Kenneth,Lane
james.hendricks@example.com,James,Victoria,Hendricks
eric.williamson@example.com,Eric,Desiree,Williamson
jacqueline.martinez@example.com,Jacqueline,Kelly,Martinez
aaron.mora@example.com,Aaron,Kelsey,Mora
debra.andersen@example.com,Debra,Leon,Andersen
anthony.hahn@example.com,Anthony,Robin,Hahn
jennifer.hall@example.com,Jennifer,Angela,Hall
rachel.weiss@example.com,Rachel,Andrew,Weiss
lori.webb@example.com,Lori,Chris,Webb
corey.brewer@example.com,Corey,Edward,Brewer
andrew.hester@example.com,Andrew,Michael,Hester
eric.edwards@example.com,Eric,Ronald,Edwards
dana.sullivan@example.com,Dana,Curtis,Sullivan
emily.smith@example.com,Emily,David,Smith
christina.mcknight@example.com,Christina,Jorge,Mcknight
robert.luna@example.com,Robert,Anthony,Luna
jennifer.hall@example.com,Jennifer,Billy,Hall
aaron.smith@example.com,Aaron,Jonathan,Smith
john.munoz@example.com,John,Jason,Munoz
marie.jenkins@example.com,Marie,Michael,Jenkins
rachel.green@example.com,Rachel,Anna,Green
anna.walters@example.com,Anna,Larry,Walters
elijah.whitehead@example.com,Elijah,Anthony,Whitehead
shane.goodman@example.com,Shane,Mercedes,Goodman
ralph.hall@example.com,Ralph,Cassandra,Hall
joy.lawson@example.com,Joy,Dustin,Lawson
matthew.jones@example.com,Matthew,Christopher,Jones
kenneth.morrison@example.com,Kenneth,Amanda,Morrison
stephanie.bishop@example.com,Stephanie,Joel,Bishop
jessica.grant@example.com,Jessica,Daniel,Grant
meagan.johnson@example.com,Meagan,Dawn,Johnson
nicole.cook@example.com,Nicole,Kirk,Cook
james.little@example.com,James,Krystal,Little
christina.carr@example.com,Christina,Mark,Carr
jennifer.foster@example.com,Jennifer,Suzanne,Foster
ryan.cummings@example.com,Ryan,Debbie,Cummings
melinda.black@example.com,Melinda,Joshua,Black
kristin.thomas@example.com,Kristin,Michele,Thomas
kimberly.johnson@example.com,Kimberly,Amber,Johnson
jose.morris@example.com,Jose,Natalie,Morris
cassie.jenkins@example.com,Cassie,Robin,Jenkins
rhonda.gibson@example.com,Rhonda,Michael,Gibson
brenda.gonzales@example.com,Brenda,Thomas,Gonzales
anthony.cervantes@example.com,Anthony,Janice,Cervantes
matthew.green@example.com,Matthew,Shawn,Green
jessica.martinez@example.com,Jessica,Shannon,Martinez
dustin.garrett@example.com,Dustin,Eric,Garrett
katie.huang@example.com,Katie,Ray,Huang
randall.hughes@example.com,Randall,Allison,Hughes
sharon.vaughan@example.com,Sharon,Drew,Vaughan
scott.rasmussen@example.com,Scott,Keith,Rasmussen
cody.white@example.com,Cody,Brandy,White
cynthia.vargas@example.com,Cynthia,Heather,Vargas
ryan.thomas@example.com,Ryan,Mark,Thomas
laura.davis@example.com,Laura,Michael,Davis
olivia.nielsen@example.com,Olivia,Bradley,Nielsen
heidi.young@example.com,Heidi,Alisha,Young
chad.shah@example.com,Chad,Zachary,Shah
ashley.lopez@example.com,Ashley,Amy,Lopez
derrick.dunn@example.com,Derrick,Christopher,Dunn
rodney.mccormick@example.com,Rodney,Lisa,Mccormick
rebecca.griffith@example.com,Rebecca,Jessica,Griffith
elizabeth.moss@example.com,Elizabeth,Joanna,Moss
seth.lewis@example.com,Seth,Kimberly,Lewis
todd.miller@example.com,Todd,Philip,Miller
bethany.walker@example.com,Bethany,Nathan,Walker
matthew.white@example.com,Matthew,Kimberly,White
kathleen.mora@example.com,Kathleen,Misty,Mora
ricky.hayes@example.com,Ricky,Tyler,Hayes
mariah.robles@example.com,Mariah,John,Robles
adam.walton@example.com,Adam,Eric,Walton
crystal.wallace@example.com,Crystal,Anthony,Wallace
jennifer.horn@example.com,Jennifer,Jonathan,Horn
stacy.brooks@example.com,Stacy,Timothy,Brooks
toni.williamson@example.com,Toni,Ronnie,Williamson
marie.roth@example.com,Marie,Melissa,Roth
james.edwards@example.com,James,Kristina,Edwards
amanda.costa@example.com,Amanda,Rebecca,Costa
peter.turner@example.com,Peter,Tracie,Turner
jeffrey.weber@example.com,Jeffrey,James,Weber
gerald.mccormick@example.com,Gerald,Kellie,Mccormick
krystal.golden@example.com,Krystal,Jenna,Golden
wanda.prince@example.com,Wanda,Molly,Prince
shane.wade@example.com,Shane,James,Wade
bryan.reed@example.com,Bryan,Jonathan,Reed
nathaniel.walker@example.com,Nathaniel,Paul,Walker
briana.lewis@example.com,Briana,Allison,Lewis
derek.cortez@example.com,Derek,Tanya,Cortez
sandra.lynch@example.com,Sandra,Lawrence,Lynch
kelly.vazquez@example.com,Kelly,Adam,Vazquez
maria.smith@example.com,Maria,Thomas,Smith
lisa.garcia@example.com,Lisa,Philip,Garcia
andrew.christian@example.com,Andrew,Chelsea,Christian
jeremy.marsh@example.com,Jeremy,Laura,Marsh
susan.wheeler@example.com,Susan,Kristina,Wheeler
michael.porter@example.com,Michael,Christopher,Porter
tiffany.johnson@example.com,Tiffany,Calvin,Johnson
robert.young@example.com,Robert,Whitney,Young
shannon.pineda@example.com,Shannon,Joy,Pineda
danielle.morrison@example.com,Danielle,Emily,Morrison
vanessa.davis@example.com,Vanessa,Theresa,Davis
richard.smith@example.com,Richard,Alyssa,Smith
nancy.duncan@example.com,Nancy,Benjamin,Duncan
becky.hines@example.com,Becky,Amanda,Hines
stephen.phillips@example.com,Stephen,Louis,Phillips
christopher.meadows@example.com,Christopher,Amber,Meadows
mikayla.hicks@example.com,Mikayla,Stephanie,Hicks
amy.frederick@example.com,Amy,Albert,Frederick
amanda.wilcox@example.com,Amanda,Amanda,Wilcox
teresa.russell@example.com,Teresa,Nicole,Russell
dana.jenkins@example.com,Dana,Janice,Jenkins
kerry.brown@example.com,Kerry,James,Brown
